id,prompt_style,question,gold,raw_answer,final_answer,f1,bleu,bert_f1,hallu_label
1125,direct,What kingdom came into existence due to conflicts with northern groups such as the Khitan and Xianbei?,"In direct response to the threats posed by northern groups such as the Khitan and Xianbei, the Goguryeo kingdom was established. Throughout its history, particularly from the late fourth century onwards, Goguryeo's militaristic endeavors, spearheaded by King Gwanggaeto, were a defining factor in its expansionist strategies. Beyond mere warfare, Goguryeo engaged in significant diplomatic efforts to create alliances that would help strengthen its position against these northern adversaries. Additionally, the kingdom's cultural advancements, such as adopting written scripts and enhancing its royal funerary practices with murals, underscore the transformation that arose from these northern conflicts, weaving together military action and cultural sophistication into its identity.",The Kingdom of Goryeo came into existence due to conflicts with northern groups such as the Khitan and Xianbei.,The Kingdom of Goryeo came into existence due to conflicts with northern groups such as the Khitan and Xianbei.,0.2222222222222221,0.2270114821468258,0.89269954,1
1030,direct,What were the lifestyles of the different populations in the Maghreb at the time of Carthage's founding as described in the text?,"The distinct populations in the Maghreb at the time of Carthage's founding exhibited varied lifestyles based on their geographic settings. The settled farmers on the coastal plains focused on agricultural practices, utilizing the advantages of fertile land to grow crops. Alternatively, the seminomadic pastoralists of the Atlas Mountains adapted their way of life to a more mobile existence, managing livestock and shifting with the seasons. In the Sahara, nomadic tribes thrived in the arid conditions, navigating the desert and engaging in trade. This diversity illustrates the complexities of the Maghreb's early societies; despite being collectively referred to as Berbers, each ethnic group, such as the Musulamii and Gaetuli, developed sophisticated cultures and social systems that defied the simplistic label imposed by outsiders.","At the time of Carthage's founding, the Maghreb populations included sedentary agricultural communities, nomadic pastoralists, and coastal traders.","At the time of Carthage's founding, the Maghreb populations included sedentary agricultural communities, nomadic pastoralists, and coastal traders.",0.2097902097902098,0.1418675658810376,0.8800919,0.5
1449,direct,"What was the original intention of Imhotep's design for the king's tomb, and what was the final architectural structure he created?","Originally, Imhotep intended to create a stone mastaba for the pharaoh Djoser during the Early Dynastic period, which represented a continuation of the established burial practices of the time. The mastaba, made of mud-brick until then, was crucial for housing the physical body and its Ka, tied to the spiritual beliefs in the afterlife. However, as the project progressed, Imhotep's architectural ingenuity shone through as he added multiple smaller mastabas to create a tiered structure. The resulting step pyramid not only fulfilled the functional requirements of a tomb but also symbolized a significant departure from traditional designs, marking an important evolution in ancient Egyptian architecture and serving as a testament to Imhotep's vision and creativity.","Imhotep originally intended to build a traditional mastaba tomb for the king, but he ultimately created the Step Pyramid of Djoser, the first large-scale stone pyramid.","Imhotep originally intended to build a traditional mastaba tomb for the king, but he ultimately created the Step Pyramid of Djoser, the first large-scale stone pyramid.",0.2620689655172413,0.1854186353185425,0.87391925,0
1493,direct,What are the primary labor activities of rural peoples in Southeast Asia today?,"The primary labor activities of rural peoples in Southeast Asia today are deeply rooted in traditional practices, primarily revolving around farming and fishing. For instance, rice cultivation continues to play a critical role, utilizing skill and cooperation, particularly in terraced rice paddies. This collective effort not only sustains the local economy but also fosters village leadership and unity among families. Elders, who are often key figures in this process, apply their extensive knowledge in selecting rice breeds, managing resources, and facilitating community discussions that emphasize respect for seniority and traditional values.","The primary labor activities of rural peoples in Southeast Asia today are agriculture, including rice farming, fishing, and small-scale animal husbandry.","The primary labor activities of rural peoples in Southeast Asia today are agriculture, including rice farming, fishing, and small-scale animal husbandry.",0.2831858407079646,1.411165210129158,0.889361,0.5
344,direct,How did Venetian merchants influence the Fourth Crusade? What was Pope Innocent III's stance on this influence?,"The influence of Venetian merchants on the Fourth Crusade was significant, as they provided the necessary transportation and supplies to the crusaders. However, this came at a cost, leading to substantial debt. Rather than continuing the campaign against the Muslims in Egypt, the crusaders were coerced into conquering Zadar (modern-day Croatia) to settle their financial obligations. This shift in focus not only deviated from the original goal of reclaiming the Holy Land but also marked a critical distraction of efforts that had been envisioned by Pope Innocent III.   * Key Points:   * The Venetian merchants' insistence on taking Zadar indicates their economic leverage in the situation.   * The diversion from the crusade's intended target highlights the complexity of Venice's role in the Crusades.","Venetian merchants influenced the Fourth Crusade by redirecting it to capture Constantinople for Venice's commercial gain, while Pope Innocent III disapproved of this diversion from the original goal of reclaiming Jerusalem.","Venetian merchants influenced the Fourth Crusade by redirecting it to capture Constantinople for Venice's commercial gain, while Pope Innocent III disapproved of this diversion from the original goal of reclaiming Jerusalem.",0.2709677419354838,1.047864173363873,0.8785343,1
1022,direct,How did the crowd and the emperor influence the outcome of gladiatorial matches?,"The emperor played a pivotal role in determining the fate of gladiators through his signals of approval or disapproval during matches. Specifically, the emperor's gestures—such as a 'thumb up' indicating that a wounded gladiator should be spared or a 'thumb down' suggesting execution—could directly alter the outcome of an encounter. This authoritative influence not only shaped the lives of individual gladiators but also reflected the broader societal and political control the emperor exercised over public spectacles. Such decisions made by the emperor also likely impacted the morale and strategy of the gladiators, knowing that their survival could hinge on fleeting gestures from the highest authority in the arena.",The crowd's reactions and the emperor's gestures often determined a gladiator's fate by signaling whether they should be spared or killed.,The crowd's reactions and the emperor's gestures often determined a gladiator's fate by signaling whether they should be spared or killed.,0.2074074074074074,0.2382381901097805,0.88208544,0
1681,direct,How did Aksum's isolation influence its version of Christianity compared to Mediterranean communities?,"The isolation of Aksum from the broader Christian world resulted in significant differences in its religious expression compared to Mediterranean communities. This geographic separation contributed to the evolution of Christianity in Aksum, where local adaptations took precedence over external influences. For instance, the absence of competition with other religious practices, typical in densely populated urban centers in the Mediterranean, allowed Aksum to cultivate a form of Christianity that aligned closely with ascetic traditions. The monasteries in remote areas became centers for spiritual learning and retreat, distinguishing Aksumite Christianity by its emphasis on asceticism and community life. Additionally, while Mediterranean Christians engaged in theological debates—such as those surrounding Nestorian Christianity—Aksum's isolation afforded it an independent path, fostering a version of Christianity that integrated local customs without the immediate pressure of doctrinal disputes prevailing elsewhere.","Aksum's isolation led to the development of a distinct form of Christianity that incorporated local traditions and maintained the use of Ge'ez, differing from the theological and liturgical practices of Mediterranean Christian communities.","Aksum's isolation led to the development of a distinct form of Christianity that incorporated local traditions and maintained the use of Ge'ez, differing from the theological and liturgical practices of Mediterranean Christian communities.",0.2923976608187134,0.5364782003627641,0.87559843,0.5
322,direct,What pilgrimage did Mansa Musa undertake between 1324 and 1325?,"Mansa Musa's pilgrimage from 1324 to 1325 was a significant journey to Mecca and Egypt, marking a pivotal moment in the history of the Mali Empire. This pilgrimage is noted for its grandeur; Mansa Musa traveled with a massive caravan that included sixty thousand soldiers, five hundred captives, and hundred camel-loads of gold. Upon reaching Cairo, he received a royal welcome from the Sultan of Egypt, given their shared faith as Muslims. Mansa Musa famously distributed so much gold during his visit that it caused the value of gold in Cairo to plummet and took twelve years to recover, thereby demonstrating both his immense wealth and the economic impact of his journey.","Mansa Musa undertook the Hajj, the Islamic pilgrimage to Mecca, between 1324 and 1325.","Mansa Musa undertook the Hajj, the Islamic pilgrimage to Mecca, between 1324 and 1325.",0.15625,0.0027558393997011,0.87846935,0
1404,direct,What title did Hulagu adopt after Kublai was recognized as the great khan?,"After Kublai was recognized as the great khan, Hulagu adopted the title of il-khan, which translates to *lesser khan*. This title signified his position as a subordinate ruler within the fragmented Mongol Empire that emerged following the death of Mongke and subsequent power struggles among the khans. Hulagu established his domain known as the Il-Khanate, pursuing independent policies while acknowledging Kublai's supremacy. This shift to different khanates marked a significant transformation in the political landscape of the Mongol territories, leading to distinct administrative practices and cultural developments in each region.",Hulagu adopted the title of Ilkhan after Kublai was recognized as the Great Khan.,Hulagu adopted the title of Ilkhan after Kublai was recognized as the Great Khan.,0.2429906542056074,0.1022613960664406,0.88362634,0
339,direct,How did the Shia view Ali's leadership and its significance for their identity?,"The Shia perspective on Ali's leadership diverges significantly from that of the Sunni majority, who chose Abu Bakr as the first leader post-Muhammad. For the Shia, Ali's leadership is not only significant for its political implications but also for its spiritual dimensions. They regard him as the rightful successor, reflecting a commitment to the Prophet's family that extends beyond mere governance. The Shia's reverence for Ali is intertwined with their devotion to the principles of justice and resistance against tyranny, especially highlighted by the brutal events at Karbala. This struggle shapes their identity, as they see their faith as one in defense of Ali's legacy and the continued relevance of his family's role in Islamic governance.   - Faith and Leadership: Shia Muslims view Ali as a symbol of righteous leadership and morality. - Conflict and Identity: The ongoing commemorative practices related to Ali's descendants serve to reinforce Shia identity, underscoring the group's historical narratives of struggle and sacrifice.","The Shia viewed Ali's leadership as divinely appointed and central to their religious identity, seeing him as the rightful successor to Muhammad and the first Imam whose authority was both spiritual and political.","The Shia viewed Ali's leadership as divinely appointed and central to their religious identity, seeing him as the rightful successor to Muhammad and the first Imam whose authority was both spiritual and political.",0.2311557788944724,0.2735894011666531,0.87824994,0.5
70,direct,What significant event around forty thousand years ago affected the Neanderthal population in Europe?,"The period around forty thousand years ago marks a crucial moment in the history of the Neanderthals in Europe. At this time, the species Neanderthalensis began to experience unprecedented population loss. This decline coincided with the entry of modern humans into Europe, raising questions about the interactions between the two species. Scholars have been trying to understand the causes behind this near extinction, which could be attributed to various factors such as competition for resources, climatic changes, or disease. The event is significant as it highlights the transitional nature of early human societies and sets the stage for the development of modern humans in a landscape that was once dominated by Neanderthals.","Around forty thousand years ago, the arrival of anatomically modern humans in Europe led to the decline and eventual extinction of the Neanderthal population.","Around forty thousand years ago, the arrival of anatomically modern humans in Europe led to the decline and eventual extinction of the Neanderthal population.",0.2794117647058823,0.3003341640167287,0.8846584,0.5
237,direct,"According to Zoroastrian teachings, what is the outcome of the struggle between good and evil?","The outcome of the struggle between good and evil, as per Zoroastrian doctrine, is the eventual triumph of good, a doctrine deeply embedded in the socio-political landscape of the Sasanian Empire. The Sasanian kings, tasked with upholding this religious tenet, engaged in significant actions to promote and implement Zoroastrian beliefs, implying that religious fidelity was also a matter of state policy. The context of regional conflicts, particularly with the Byzantines in the sixth and seventh centuries, serves to highlight how this struggle was mirrored in the geopolitical battles of the time. Thus, the teachings not only allude to metaphysical outcomes but also reflect the persistent intertwining of religion and governance where the victory of good translates into political stability and unity against perceived external influences.","According to Zoroastrian teachings, the struggle between good and evil ultimately ends with the triumph of good and the restoration of order.","According to Zoroastrian teachings, the struggle between good and evil ultimately ends with the triumph of good and the restoration of order.",0.2297297297297297,0.2739856328150494,0.8864874,0.5
382,direct,What did the Kushite leadership learn about the utility of iron after facing the Assyrian army?,"The Kushite leadership learned about the strategic importance of iron after their encounter with the well-trained Assyrian army, which wielded iron weapons. This confrontation highlighted the advantage of iron in warfare, motivating Kushite leaders to adopt and advance iron smelting technology in their region. Furthermore, archaeological evidence at Meroe indicated that the site had a history of elite presence dating back to the early ninth century BCE, emphasizing that the Kushites had long been aware of their natural iron ore resources. Consequently, they began to see iron not just as a material for tools, but as a critical element for military resilience and economic prosperity.",The Kushite leadership learned that iron weapons and military technology were crucial for effective defense after facing the better-armed Assyrian army.,The Kushite leadership learned that iron weapons and military technology were crucial for effective defense after facing the better-armed Assyrian army.,0.234375,0.1225157298013118,0.89554256,0.5
135,direct,How did the decentralized feudal system of the Zhou lead to the regional lords amassing armies and diminishing the power of the king?,"The Zhou dynasty's decentralized feudal structure initially aimed to maintain control over vast territories by delegating authority to local lords through aristocratic titles and privileges. The king's reliance on these leaders to administer their own domains allowed them to fulfill similar roles as the royal family, including spiritual and administrative tasks. Consequently, this autonomy enabled local lords to gather resources and support from their regions, leading them to build their own military forces and seek technological advancements. Over time, such developments not only undermined the king's power but also fostered a political landscape characterized by competition and fragmentation among the various regional powers.","The decentralized feudal system of the Zhou granted regional lords autonomous control over their territories, enabling them to build independent armies and gradually weaken the king's central authority.","The decentralized feudal system of the Zhou granted regional lords autonomous control over their territories, enabling them to build independent armies and gradually weaken the king's central authority.",0.2814814814814814,0.6275338221350597,0.9034854,0
964,direct,What were the controversial aspects of Omar Khayyam's poetry during his time?,"Omar Khayyam's poetry stirred controversy primarily due to its themes that challenged religious orthodoxy. Key points of contention include: - Irreligious Accusations: At the Seljuk court, Khayyam was accused of being irreligious, highlighting that his works often diverged from strict Islamic principles.  - Wine Imagery: His frequent references to drinking wine directly conflicted with Islamic doctrine, which forbids alcohol. Such expressions were interpreted both literally and metaphorically, emphasizing life's pleasures, but they raised eyebrows amongst conservative scholars and officials. - Personal Spirituality vs. Religious Conformity: While some contemporaries saw his work as a reflection of Sufi ideals that promote personal spirituality over conformist practices, this perspective further alienated him from those who upheld traditional interpretations of Islam. Thus, Khayyam's poetry invited criticism not only for its content but also for the broader implications about faith and personal experience.","Omar Khayyam's poetry was controversial for its skeptical views on religion, questioning of orthodox Islamic beliefs, and emphasis on earthly pleasures over spiritual salvation.","Omar Khayyam's poetry was controversial for its skeptical views on religion, questioning of orthodox Islamic beliefs, and emphasis on earthly pleasures over spiritual salvation.",0.147239263803681,0.0390940366189523,0.8792846,0.5
660,direct,What were the functions of tokens used in the accounting system prior to the development of cuneiform writing?,"Before the establishment of cuneiform writing, tokens played a pivotal role in the accounting practices of ancient Sumerian societies. These clay tokens, dating back thousands of years, were essential for tracking economic activities and managing resources. Schmandt-Besserat proposed that the images on the bullae not only represented the tokens contained within but also documented the type of transactions occurring, making them a crucial step in the evolution towards written communication. This system of tokens allowed for a more organized method of accounting, underpinning the development of complex trade networks in Mesopotamia, ultimately leading to the innovation of writing itself.",Tokens were used to represent and record quantities of goods for accounting and trade purposes before the development of cuneiform writing.,Tokens were used to represent and record quantities of goods for accounting and trade purposes before the development of cuneiform writing.,0.2314049586776859,0.251453203870992,0.8735798,0
429,direct,What did the removal of the Serpent Column to Constantinople symbolize in relation to Constantine's connection to Apollo and his victories?,"The removal of the Serpent Column to Constantinople symbolized a strategic reclamation of cultural and religious pride for Constantine. By relocating this ancient Greek monument dedicated to Apollo—considered the sun god—Constantine signified his alignment with Apollo's attributes, which were closely tied to victorious leadership and divine favor. The column's original installation in Delphi, esteemed as the center of the world, connected Constantinople to this prestigious heritage. Moreover, by reinterpreting the column's original purpose, which celebrated the Greek victory over the Persians, Constantine subtly highlighted his own military successes during the civil wars, thus reinforcing his political legitimacy and authority in his newly established capital.","The removal of the Serpent Column to Constantinople symbolized Constantine's appropriation of Apollo's divine favor and his military victories, linking his rule to ancient heroic triumphs and divine legitimacy.","The removal of the Serpent Column to Constantinople symbolized Constantine's appropriation of Apollo's divine favor and his military victories, linking his rule to ancient heroic triumphs and divine legitimacy.",0.3428571428571428,2.2383942740202327,0.89962095,0.5
973,direct,What roles did Raziya in the Delhi Sultanate and Shajar al-Durr among the Mamluks play during political upheaval?,"### Overview of Political Turmoil in the Delhi Sultanate and Mamluk Egypt Both Raziya and Shajar al-Durr assumed crucial roles during intense periods of political upheaval in their respective societies, highlighting the power struggles that marked their reigns. In the Delhi Sultanate, after Iltutmish's death in 1236, Raziya’s potential to lead was evident; she was perceived as the most capable heir amidst a backdrop of ten short-lived sultans whose rule often ended violently. This period of instability caused significant economic disruption and highlighted the limitations of succession protocols at the time.  ### Shajar al-Durr’s Ascendance in Mamluk Egypt On the other hand, Shajar al-Durr emerged during a critical juncture when the Mamluks were seizing power from the Ayyubids. As the widow of al-Salih, her political influence became vital in the transition of power, marking her as a formidable presence in a male-dominated environment. Just as Raziya’s potential as a ruler served as a beacon of hope for stability in the Sultanate, Shajar al-Durr’s rise to prominence also indicated the significant role women could play in shaping the future of their nations amidst political chaos. Each woman, amidst civil wars and succession crises, showcased resilience and capability in leadership during their times.","Raziya and Shajar al-Durr both assumed leadership roles as female rulers during political upheaval, with Raziya becoming Sultan of Delhi and Shajar al-Durr ruling as Sultan of Egypt, challenging traditional gender norms in their respective societies.","Raziya and Shajar al-Durr both assumed leadership roles as female rulers during political upheaval, with Raziya becoming Sultan of Delhi and Shajar al-Durr ruling as Sultan of Egypt, challenging traditional gender norms in their respective societies.",0.216867469879518,0.1561733352441403,0.8689031,0.5
1310,direct,What are the two primary umbrella sects within Islam?,"Within Islam, the major sects are referred to as Sunni and Shia. The formation of these sects was significantly influenced by doctrinal differences during the Abbasid rule, when various interpretations of leadership began to take root. The Sunni sect emphasizes the practices and teachings of Muhammad as understood through the sunna, while the Shia sect developed its identity around alternative leadership ideologies. This period of the Abbasids not only facilitated the emergence of these distinct groups but also highlighted the rich intellectual engagement that characterized early Islamic society.",The two primary umbrella sects within Islam are Sunni and Shia.,The two primary umbrella sects within Islam are Sunni and Shia.,0.1616161616161616,0.0028981681007259,0.8726105,0
1138,direct,What were the two cultures that exchanged court rituals and participated in cultural exchanges despite their hostilities?,"The Sasanian Empire and the Byzantine Empire are the two distinct cultures that engaged in the exchange of court rituals and cultural interactions throughout their hostile encounters. Their rivalry was marked by significant military confrontations, including the Sasanian occupation of regions like Armenia, Syria, and as far as Libya by 619. Nonetheless, both empires shared similar court practices and utilized artistic expressions to affirm their state power. This cultural exchange included visiting each other's courts and recognizing their rival state's sovereignty, revealing an intricate relationship that balanced animosity and diplomacy during an era of continual war.",The Byzantine and Islamic cultures exchanged court rituals and participated in cultural exchanges despite their hostilities.,The Byzantine and Islamic cultures exchanged court rituals and participated in cultural exchanges despite their hostilities.,0.175438596491228,0.0259591675606995,0.8865072,1
1125,explain,What kingdom came into existence due to conflicts with northern groups such as the Khitan and Xianbei?,"In direct response to the threats posed by northern groups such as the Khitan and Xianbei, the Goguryeo kingdom was established. Throughout its history, particularly from the late fourth century onwards, Goguryeo's militaristic endeavors, spearheaded by King Gwanggaeto, were a defining factor in its expansionist strategies. Beyond mere warfare, Goguryeo engaged in significant diplomatic efforts to create alliances that would help strengthen its position against these northern adversaries. Additionally, the kingdom's cultural advancements, such as adopting written scripts and enhancing its royal funerary practices with murals, underscore the transformation that arose from these northern conflicts, weaving together military action and cultural sophistication into its identity.","The kingdom that emerged due to conflicts with northern groups like the Khitan and Xianbei was Goguryeo. Goguryeo was one of the Three Kingdoms of Korea and was established in the early centuries CE. It frequently engaged in military conflicts with various northern nomadic tribes, including the Xianbei and later the Khitan, as it sought to defend and expand its territory in the northern Korean Peninsula and parts of Manchuria.

Final answer: Goguryeo",Goguryeo,0.0185185185185185,1.0377033238158351e-51,0.8294357,0
1030,explain,What were the lifestyles of the different populations in the Maghreb at the time of Carthage's founding as described in the text?,"The distinct populations in the Maghreb at the time of Carthage's founding exhibited varied lifestyles based on their geographic settings. The settled farmers on the coastal plains focused on agricultural practices, utilizing the advantages of fertile land to grow crops. Alternatively, the seminomadic pastoralists of the Atlas Mountains adapted their way of life to a more mobile existence, managing livestock and shifting with the seasons. In the Sahara, nomadic tribes thrived in the arid conditions, navigating the desert and engaging in trade. This diversity illustrates the complexities of the Maghreb's early societies; despite being collectively referred to as Berbers, each ethnic group, such as the Musulamii and Gaetuli, developed sophisticated cultures and social systems that defied the simplistic label imposed by outsiders.","At the time of Carthage's founding (around the 9th century BCE), the Maghreb region was inhabited by diverse populations with varying lifestyles. Indigenous Berber groups primarily engaged in pastoralism and some agriculture, living in rural and semi-nomadic communities. Coastal areas, influenced by Phoenician settlers, developed urban centers focused on trade and maritime activities, reflecting a more complex and commercial lifestyle.

Final answer: The Maghreb populations at the time of Carthage's founding included mainly Berber pastoralists and agriculturalists living in rural or semi-nomadic settings, alongside Phoenician settlers on the coast who established urban, trade-oriented communities.","The Maghreb populations at the time of Carthage's founding included mainly Berber pastoralists and agriculturalists living in rural or semi-nomadic settings, alongside Phoenician settlers on the coast who established urban, trade-oriented communities.",0.2264150943396226,1.0002273827564565,0.8745214,0.5
1449,explain,"What was the original intention of Imhotep's design for the king's tomb, and what was the final architectural structure he created?","Originally, Imhotep intended to create a stone mastaba for the pharaoh Djoser during the Early Dynastic period, which represented a continuation of the established burial practices of the time. The mastaba, made of mud-brick until then, was crucial for housing the physical body and its Ka, tied to the spiritual beliefs in the afterlife. However, as the project progressed, Imhotep's architectural ingenuity shone through as he added multiple smaller mastabas to create a tiered structure. The resulting step pyramid not only fulfilled the functional requirements of a tomb but also symbolized a significant departure from traditional designs, marking an important evolution in ancient Egyptian architecture and serving as a testament to Imhotep's vision and creativity.","Imhotep originally intended to design a traditional mastaba tomb for King Djoser, which was a flat-roofed, rectangular structure with sloping sides. However, to create a more grand and enduring monument, he innovated by stacking several mastabas of decreasing size on top of each other, resulting in the first step pyramid. This design marked a significant evolution in Egyptian funerary architecture.

Final answer: Imhotep's original intention was to build a traditional mastaba tomb for King Djoser, but he ultimately created the Step Pyramid, a series of stacked mastabas forming the first pyramid.","Imhotep's original intention was to build a traditional mastaba tomb for King Djoser, but he ultimately created the Step Pyramid, a series of stacked mastabas forming the first pyramid.",0.2567567567567567,0.1260065239239676,0.8821928,0
1493,explain,What are the primary labor activities of rural peoples in Southeast Asia today?,"The primary labor activities of rural peoples in Southeast Asia today are deeply rooted in traditional practices, primarily revolving around farming and fishing. For instance, rice cultivation continues to play a critical role, utilizing skill and cooperation, particularly in terraced rice paddies. This collective effort not only sustains the local economy but also fosters village leadership and unity among families. Elders, who are often key figures in this process, apply their extensive knowledge in selecting rice breeds, managing resources, and facilitating community discussions that emphasize respect for seniority and traditional values.","Rural peoples in Southeast Asia primarily engage in agriculture due to the region's fertile land and favorable climate. Key activities include rice cultivation, which is a staple food, along with growing other crops like rubber, palm oil, coffee, and spices. Additionally, many rural communities participate in fishing, livestock rearing, and small-scale handicrafts to supplement their income.

Final answer: The primary labor activities of rural peoples in Southeast Asia today are rice farming, cultivation of cash crops (such as rubber and palm oil), fishing, livestock rearing, and small-scale handicrafts.","The primary labor activities of rural peoples in Southeast Asia today are rice farming, cultivation of cash crops (such as rubber and palm oil), fishing, livestock rearing, and small-scale handicrafts.",0.2950819672131147,4.297692937651699,0.87427336,0.5
344,explain,How did Venetian merchants influence the Fourth Crusade? What was Pope Innocent III's stance on this influence?,"The influence of Venetian merchants on the Fourth Crusade was significant, as they provided the necessary transportation and supplies to the crusaders. However, this came at a cost, leading to substantial debt. Rather than continuing the campaign against the Muslims in Egypt, the crusaders were coerced into conquering Zadar (modern-day Croatia) to settle their financial obligations. This shift in focus not only deviated from the original goal of reclaiming the Holy Land but also marked a critical distraction of efforts that had been envisioned by Pope Innocent III.   * Key Points:   * The Venetian merchants' insistence on taking Zadar indicates their economic leverage in the situation.   * The diversion from the crusade's intended target highlights the complexity of Venice's role in the Crusades.","Venetian merchants played a crucial role in the Fourth Crusade by providing the fleet necessary to transport the crusaders to the Holy Land. However, when the crusaders could not pay the full amount for the ships, the Venetians redirected the crusade to attack the Christian city of Zara and later Constantinople, motivated by their own commercial and political interests. Pope Innocent III initially supported the crusade but condemned the attack on Zara, a Christian city, and was displeased with the diversion from the original religious goals, though he ultimately accepted the outcome to maintain some control over the crusading movement.

Final answer: Venetian merchants influenced the Fourth Crusade by supplying the fleet and steering the crusaders toward attacking Zara and Constantinople for their own economic and political gain. Pope Innocent III condemned the attack on Zara and disapproved of the crusade's diversion from its spiritual mission, though he continued to support the crusade in a broader sense.","Venetian merchants influenced the Fourth Crusade by supplying the fleet and steering the crusaders toward attacking Zara and Constantinople for their own economic and political gain. Pope Innocent III condemned the attack on Zara and disapproved of the crusade's diversion from its spiritual mission, though he continued to support the crusade in a broader sense.",0.3016759776536313,1.6803744187196823,0.87623805,0.5
1022,explain,How did the crowd and the emperor influence the outcome of gladiatorial matches?,"The emperor played a pivotal role in determining the fate of gladiators through his signals of approval or disapproval during matches. Specifically, the emperor's gestures—such as a 'thumb up' indicating that a wounded gladiator should be spared or a 'thumb down' suggesting execution—could directly alter the outcome of an encounter. This authoritative influence not only shaped the lives of individual gladiators but also reflected the broader societal and political control the emperor exercised over public spectacles. Such decisions made by the emperor also likely impacted the morale and strategy of the gladiators, knowing that their survival could hinge on fleeting gestures from the highest authority in the arena.","The crowd and the emperor played crucial roles in determining the fate of gladiators during matches. The crowd's reactions, such as cheers or boos, could sway the emperor's decision, as the emperor often sought to maintain public favor and order. Ultimately, the emperor held the power to grant mercy or death, using the crowd's sentiment as a guide to legitimize his judgment.

Final answer: The crowd's reactions influenced the emperor's decisions, and the emperor, holding ultimate authority, used their sentiments to decide whether a gladiator lived or died, thereby shaping the outcome of the matches.","The crowd's reactions influenced the emperor's decisions, and the emperor, holding ultimate authority, used their sentiments to decide whether a gladiator lived or died, thereby shaping the outcome of the matches.",0.25,0.924646190284484,0.8784297,0.5
1681,explain,How did Aksum's isolation influence its version of Christianity compared to Mediterranean communities?,"The isolation of Aksum from the broader Christian world resulted in significant differences in its religious expression compared to Mediterranean communities. This geographic separation contributed to the evolution of Christianity in Aksum, where local adaptations took precedence over external influences. For instance, the absence of competition with other religious practices, typical in densely populated urban centers in the Mediterranean, allowed Aksum to cultivate a form of Christianity that aligned closely with ascetic traditions. The monasteries in remote areas became centers for spiritual learning and retreat, distinguishing Aksumite Christianity by its emphasis on asceticism and community life. Additionally, while Mediterranean Christians engaged in theological debates—such as those surrounding Nestorian Christianity—Aksum's isolation afforded it an independent path, fostering a version of Christianity that integrated local customs without the immediate pressure of doctrinal disputes prevailing elsewhere.","Aksum's geographic isolation in the Horn of Africa limited its direct interaction with Mediterranean Christian centers, leading to the development of a distinct form of Christianity known as the Ethiopian Orthodox Tewahedo Church. This version incorporated local traditions, languages (Ge'ez), and unique religious practices, such as the emphasis on Old Testament laws and the Ark of the Covenant, which were less prominent or absent in Mediterranean Christianity. The isolation also meant fewer theological disputes influenced Aksum's Christianity, allowing it to maintain ancient Christian traditions that diverged from later Mediterranean doctrinal developments.

Final answer: Aksum's isolation led to the development of a unique form of Christianity that integrated local customs and emphasized Old Testament traditions, resulting in a distinct Ethiopian Orthodox Church that differed significantly from Mediterranean Christian communities in language, practice, and theology.","Aksum's isolation led to the development of a unique form of Christianity that integrated local customs and emphasized Old Testament traditions, resulting in a distinct Ethiopian Orthodox Church that differed significantly from Mediterranean Christian communities in language, practice, and theology.",0.2824858757062147,1.8587934678321192,0.8756418,0.5
322,explain,What pilgrimage did Mansa Musa undertake between 1324 and 1325?,"Mansa Musa's pilgrimage from 1324 to 1325 was a significant journey to Mecca and Egypt, marking a pivotal moment in the history of the Mali Empire. This pilgrimage is noted for its grandeur; Mansa Musa traveled with a massive caravan that included sixty thousand soldiers, five hundred captives, and hundred camel-loads of gold. Upon reaching Cairo, he received a royal welcome from the Sultan of Egypt, given their shared faith as Muslims. Mansa Musa famously distributed so much gold during his visit that it caused the value of gold in Cairo to plummet and took twelve years to recover, thereby demonstrating both his immense wealth and the economic impact of his journey.","Mansa Musa, the ruler of the Mali Empire, is famously known for his pilgrimage to Mecca, known as the Hajj, which he undertook between 1324 and 1325. This journey was significant not only for its religious importance but also for the immense wealth he displayed along the way, which showcased the prosperity of Mali to the broader Islamic world. The pilgrimage helped establish Mali's reputation and strengthened Islamic ties.

Final answer: Mansa Musa undertook the Hajj, the Islamic pilgrimage to Mecca, between 1324 and 1325.","Mansa Musa undertook the Hajj, the Islamic pilgrimage to Mecca, between 1324 and 1325.",0.15625,0.0027558393997011,0.87846935,0
1404,explain,What title did Hulagu adopt after Kublai was recognized as the great khan?,"After Kublai was recognized as the great khan, Hulagu adopted the title of il-khan, which translates to *lesser khan*. This title signified his position as a subordinate ruler within the fragmented Mongol Empire that emerged following the death of Mongke and subsequent power struggles among the khans. Hulagu established his domain known as the Il-Khanate, pursuing independent policies while acknowledging Kublai's supremacy. This shift to different khanates marked a significant transformation in the political landscape of the Mongol territories, leading to distinct administrative practices and cultural developments in each region.","After Kublai Khan was recognized as the Great Khan, Hulagu, his brother, did not accept Kublai's supremacy over the entire Mongol Empire. Instead, Hulagu established his own khanate in the Middle East, known as the Ilkhanate. To assert his authority and independence, Hulagu adopted the title of ""Ilkhan,"" which means ""subordinate khan"" or ""sub-khan,"" indicating his rule over the southwestern part of the Mongol Empire while acknowledging Kublai's nominal overlordship.

Final answer: Hulagu adopted the title of ""Ilkhan"" after Kublai was recognized as the Great Khan.","Hulagu adopted the title of ""Ilkhan"" after Kublai was recognized as the Great Khan.",0.2429906542056074,0.2075982144735184,0.8806608,0
339,explain,How did the Shia view Ali's leadership and its significance for their identity?,"The Shia perspective on Ali's leadership diverges significantly from that of the Sunni majority, who chose Abu Bakr as the first leader post-Muhammad. For the Shia, Ali's leadership is not only significant for its political implications but also for its spiritual dimensions. They regard him as the rightful successor, reflecting a commitment to the Prophet's family that extends beyond mere governance. The Shia's reverence for Ali is intertwined with their devotion to the principles of justice and resistance against tyranny, especially highlighted by the brutal events at Karbala. This struggle shapes their identity, as they see their faith as one in defense of Ali's legacy and the continued relevance of his family's role in Islamic governance.   - Faith and Leadership: Shia Muslims view Ali as a symbol of righteous leadership and morality. - Conflict and Identity: The ongoing commemorative practices related to Ali's descendants serve to reinforce Shia identity, underscoring the group's historical narratives of struggle and sacrifice.","The Shia viewed Ali as the rightful successor to Prophet Muhammad, believing that leadership of the Muslim community should remain within the Prophet's family, specifically through Ali and his descendants. This belief in Ali's divinely appointed leadership, or Imamate, became central to Shia identity, emphasizing spiritual authority, justice, and a distinct religious and political path separate from Sunni interpretations. Ali's leadership symbolizes both a religious ideal and a source of communal cohesion for Shia Muslims.

Final answer: The Shia regard Ali as the divinely appointed leader and rightful successor to Prophet Muhammad, making his leadership foundational to their religious identity and emphasizing the importance of leadership through the Prophet’s family, which defines their distinct spiritual and political beliefs.","The Shia regard Ali as the divinely appointed leader and rightful successor to Prophet Muhammad, making his leadership foundational to their religious identity and emphasizing the importance of leadership through the Prophet’s family, which defines their distinct spiritual and political beliefs.",0.2801932367149758,0.2041119065666691,0.8767646,0
70,explain,What significant event around forty thousand years ago affected the Neanderthal population in Europe?,"The period around forty thousand years ago marks a crucial moment in the history of the Neanderthals in Europe. At this time, the species Neanderthalensis began to experience unprecedented population loss. This decline coincided with the entry of modern humans into Europe, raising questions about the interactions between the two species. Scholars have been trying to understand the causes behind this near extinction, which could be attributed to various factors such as competition for resources, climatic changes, or disease. The event is significant as it highlights the transitional nature of early human societies and sets the stage for the development of modern humans in a landscape that was once dominated by Neanderthals.","Around forty thousand years ago, anatomically modern humans (Homo sapiens) began migrating into Europe, where Neanderthals had been the dominant hominin species. This overlap led to competition for resources, possible interbreeding, and ultimately the decline and extinction of Neanderthals. Additionally, climatic changes during this period may have further stressed Neanderthal populations, contributing to their disappearance.

Final answer: The arrival of anatomically modern humans in Europe around forty thousand years ago led to competition and interaction that significantly contributed to the decline and eventual extinction of the Neanderthal population.",The arrival of anatomically modern humans in Europe around forty thousand years ago led to competition and interaction that significantly contributed to the decline and eventual extinction of the Neanderthal population.,0.3076923076923077,0.6348416188508175,0.8828881,0.5
237,explain,"According to Zoroastrian teachings, what is the outcome of the struggle between good and evil?","The outcome of the struggle between good and evil, as per Zoroastrian doctrine, is the eventual triumph of good, a doctrine deeply embedded in the socio-political landscape of the Sasanian Empire. The Sasanian kings, tasked with upholding this religious tenet, engaged in significant actions to promote and implement Zoroastrian beliefs, implying that religious fidelity was also a matter of state policy. The context of regional conflicts, particularly with the Byzantines in the sixth and seventh centuries, serves to highlight how this struggle was mirrored in the geopolitical battles of the time. Thus, the teachings not only allude to metaphysical outcomes but also reflect the persistent intertwining of religion and governance where the victory of good translates into political stability and unity against perceived external influences.","Zoroastrianism teaches that the world is a battleground between the forces of good, led by Ahura Mazda, and evil, led by Angra Mainyu. This cosmic struggle is temporary, and ultimately, good will triumph over evil. At the end of time, there will be a final renovation (Frashokereti) where evil is destroyed, the world is purified, and all souls are reunited with Ahura Mazda in a state of perfection.

Final answer: According to Zoroastrian teachings, good will ultimately triumph over evil, leading to the destruction of evil, the purification of the world, and the restoration of all souls to a perfect state.","According to Zoroastrian teachings, good will ultimately triumph over evil, leading to the destruction of evil, the purification of the world, and the restoration of all souls to a perfect state.",0.2292993630573248,0.2923128406533241,0.86317235,0.5
382,explain,What did the Kushite leadership learn about the utility of iron after facing the Assyrian army?,"The Kushite leadership learned about the strategic importance of iron after their encounter with the well-trained Assyrian army, which wielded iron weapons. This confrontation highlighted the advantage of iron in warfare, motivating Kushite leaders to adopt and advance iron smelting technology in their region. Furthermore, archaeological evidence at Meroe indicated that the site had a history of elite presence dating back to the early ninth century BCE, emphasizing that the Kushites had long been aware of their natural iron ore resources. Consequently, they began to see iron not just as a material for tools, but as a critical element for military resilience and economic prosperity.","The Kushite leadership observed that the Assyrian army's use of iron weapons and tools gave them a significant military advantage, as iron was stronger and more durable than the bronze previously used. This realization likely prompted the Kushites to adopt iron technology themselves to improve their own military capabilities and maintain regional power. The encounter highlighted the strategic importance of iron in warfare and statecraft.

Final answer: The Kushite leadership learned that iron weapons and tools provided a crucial military advantage, leading them to adopt iron technology to strengthen their own army after facing the Assyrian forces.","The Kushite leadership learned that iron weapons and tools provided a crucial military advantage, leading them to adopt iron technology to strengthen their own army after facing the Assyrian forces.",0.3235294117647058,0.5853916533177509,0.89996976,0
135,explain,How did the decentralized feudal system of the Zhou lead to the regional lords amassing armies and diminishing the power of the king?,"The Zhou dynasty's decentralized feudal structure initially aimed to maintain control over vast territories by delegating authority to local lords through aristocratic titles and privileges. The king's reliance on these leaders to administer their own domains allowed them to fulfill similar roles as the royal family, including spiritual and administrative tasks. Consequently, this autonomy enabled local lords to gather resources and support from their regions, leading them to build their own military forces and seek technological advancements. Over time, such developments not only undermined the king's power but also fostered a political landscape characterized by competition and fragmentation among the various regional powers.","The Zhou dynasty's feudal system granted regional lords control over their own territories, including the right to collect taxes and maintain local militias. This decentralization meant that lords had significant autonomy and resources to build their own armies, which they used to defend and expand their power. Over time, as these lords grew stronger militarily and economically, the king's authority weakened because he lacked direct control over these forces and relied on the loyalty of increasingly independent vassals.

Final answer: The Zhou's decentralized feudal system allowed regional lords to independently raise armies and govern their lands, which led to their growing power and autonomy, ultimately diminishing the king's centralized authority.","The Zhou's decentralized feudal system allowed regional lords to independently raise armies and govern their lands, which led to their growing power and autonomy, ultimately diminishing the king's centralized authority.",0.2898550724637681,0.4945547406208658,0.9031167,0
964,explain,What were the controversial aspects of Omar Khayyam's poetry during his time?,"Omar Khayyam's poetry stirred controversy primarily due to its themes that challenged religious orthodoxy. Key points of contention include: - Irreligious Accusations: At the Seljuk court, Khayyam was accused of being irreligious, highlighting that his works often diverged from strict Islamic principles.  - Wine Imagery: His frequent references to drinking wine directly conflicted with Islamic doctrine, which forbids alcohol. Such expressions were interpreted both literally and metaphorically, emphasizing life's pleasures, but they raised eyebrows amongst conservative scholars and officials. - Personal Spirituality vs. Religious Conformity: While some contemporaries saw his work as a reflection of Sufi ideals that promote personal spirituality over conformist practices, this perspective further alienated him from those who upheld traditional interpretations of Islam. Thus, Khayyam's poetry invited criticism not only for its content but also for the broader implications about faith and personal experience.","Omar Khayyam's poetry, particularly his quatrains (rubaiyat), was controversial because it often expressed skepticism about religious dogma, questioned the afterlife, and emphasized the fleeting nature of life and the importance of earthly pleasures. In a deeply religious and orthodox society, such views were seen as heretical or blasphemous by many scholars and clerics. His candid exploration of doubt and criticism of religious hypocrisy challenged prevailing norms, leading to debates about morality and faith.

Final answer: The controversial aspects of Omar Khayyam's poetry during his time were its skepticism toward religious dogma, questioning of the afterlife, emphasis on earthly pleasures, and criticism of religious hypocrisy, which many considered heretical and blasphemous.","The controversial aspects of Omar Khayyam's poetry during his time were its skepticism toward religious dogma, questioning of the afterlife, emphasis on earthly pleasures, and criticism of religious hypocrisy, which many considered heretical and blasphemous.",0.2183908045977011,0.2439849581306764,0.8667565,0.5
660,explain,What were the functions of tokens used in the accounting system prior to the development of cuneiform writing?,"Before the establishment of cuneiform writing, tokens played a pivotal role in the accounting practices of ancient Sumerian societies. These clay tokens, dating back thousands of years, were essential for tracking economic activities and managing resources. Schmandt-Besserat proposed that the images on the bullae not only represented the tokens contained within but also documented the type of transactions occurring, making them a crucial step in the evolution towards written communication. This system of tokens allowed for a more organized method of accounting, underpinning the development of complex trade networks in Mesopotamia, ultimately leading to the innovation of writing itself.","Before the development of cuneiform writing, tokens were used as a physical counting and record-keeping system in ancient Mesopotamia. These small clay objects represented quantities and types of goods, such as livestock or grain, allowing merchants and administrators to track transactions and inventories. The tokens served as a tangible method to manage economic activities and ensure accurate accounting without the need for written language.

Final answer: Tokens functioned as physical representations of goods and quantities used to record and manage economic transactions and inventories in early accounting systems before the invention of cuneiform writing.",Tokens functioned as physical representations of goods and quantities used to record and manage economic transactions and inventories in early accounting systems before the invention of cuneiform writing.,0.203125,0.4293073095320959,0.86867505,0
429,explain,What did the removal of the Serpent Column to Constantinople symbolize in relation to Constantine's connection to Apollo and his victories?,"The removal of the Serpent Column to Constantinople symbolized a strategic reclamation of cultural and religious pride for Constantine. By relocating this ancient Greek monument dedicated to Apollo—considered the sun god—Constantine signified his alignment with Apollo's attributes, which were closely tied to victorious leadership and divine favor. The column's original installation in Delphi, esteemed as the center of the world, connected Constantinople to this prestigious heritage. Moreover, by reinterpreting the column's original purpose, which celebrated the Greek victory over the Persians, Constantine subtly highlighted his own military successes during the civil wars, thus reinforcing his political legitimacy and authority in his newly established capital.","The removal of the Serpent Column to Constantinople symbolized Constantine's desire to link his reign and victories to the divine favor and legacy of ancient Greek heroes and gods, particularly Apollo, who was associated with prophecy, victory, and purification. By relocating this significant artifact from Delphi, a major center of Apollo worship, to his new capital, Constantine was asserting his role as a divinely sanctioned ruler who inherited the glory and protection once granted to the Greeks, thereby reinforcing his legitimacy and the sacred nature of his victories.

Final answer: The removal of the Serpent Column to Constantinople symbolized Constantine's connection to Apollo and his victories by demonstrating that he was the rightful heir to the divine favor and heroic legacy of ancient Greece, legitimizing his rule through association with Apollo's power and the triumphs celebrated by the column.","The removal of the Serpent Column to Constantinople symbolized Constantine's connection to Apollo and his victories by demonstrating that he was the rightful heir to the divine favor and heroic legacy of ancient Greece, legitimizing his rule through association with Apollo's power and the triumphs celebrated by the column.",0.425,6.103813633464751,0.8902097,0.5
973,explain,What roles did Raziya in the Delhi Sultanate and Shajar al-Durr among the Mamluks play during political upheaval?,"### Overview of Political Turmoil in the Delhi Sultanate and Mamluk Egypt Both Raziya and Shajar al-Durr assumed crucial roles during intense periods of political upheaval in their respective societies, highlighting the power struggles that marked their reigns. In the Delhi Sultanate, after Iltutmish's death in 1236, Raziya’s potential to lead was evident; she was perceived as the most capable heir amidst a backdrop of ten short-lived sultans whose rule often ended violently. This period of instability caused significant economic disruption and highlighted the limitations of succession protocols at the time.  ### Shajar al-Durr’s Ascendance in Mamluk Egypt On the other hand, Shajar al-Durr emerged during a critical juncture when the Mamluks were seizing power from the Ayyubids. As the widow of al-Salih, her political influence became vital in the transition of power, marking her as a formidable presence in a male-dominated environment. Just as Raziya’s potential as a ruler served as a beacon of hope for stability in the Sultanate, Shajar al-Durr’s rise to prominence also indicated the significant role women could play in shaping the future of their nations amidst political chaos. Each woman, amidst civil wars and succession crises, showcased resilience and capability in leadership during their times.","Raziya and Shajar al-Durr both assumed leadership roles during times of political instability in their respective realms, breaking gender norms in male-dominated societies. Raziya became the Sultan of Delhi, ruling as a female monarch in the 13th century, while Shajar al-Durr rose from a slave to become the Sultan of Egypt, playing a crucial role in the transition from Ayyubid to Mamluk rule in the 13th century. Both women exercised significant political power during upheavals, demonstrating exceptional leadership in turbulent times.

Final answer: Raziya ruled as the Sultan of Delhi during political turmoil, asserting female authority in a male-dominated sultanate, while Shajar al-Durr became the Sultan of Egypt and was instrumental in the establishment of the Mamluk dynasty, both serving as rare female rulers who stabilized their realms during crises.","Raziya ruled as the Sultan of Delhi during political turmoil, asserting female authority in a male-dominated sultanate, while Shajar al-Durr became the Sultan of Egypt and was instrumental in the establishment of the Mamluk dynasty, both serving as rare female rulers who stabilized their realms during crises.",0.2461538461538461,0.2097332081814439,0.8655977,0.5
1310,explain,What are the two primary umbrella sects within Islam?,"Within Islam, the major sects are referred to as Sunni and Shia. The formation of these sects was significantly influenced by doctrinal differences during the Abbasid rule, when various interpretations of leadership began to take root. The Sunni sect emphasizes the practices and teachings of Muhammad as understood through the sunna, while the Shia sect developed its identity around alternative leadership ideologies. This period of the Abbasids not only facilitated the emergence of these distinct groups but also highlighted the rich intellectual engagement that characterized early Islamic society.","Islam is broadly divided into two primary sects based on historical and theological differences that emerged after the death of the Prophet Muhammad. These two main branches are Sunni and Shia Islam, which differ mainly in their beliefs about the rightful successor to Muhammad and certain religious practices.

Final answer: The two primary umbrella sects within Islam are Sunni and Shia.",The two primary umbrella sects within Islam are Sunni and Shia.,0.1616161616161616,0.0028981681007259,0.8726105,0
1138,explain,What were the two cultures that exchanged court rituals and participated in cultural exchanges despite their hostilities?,"The Sasanian Empire and the Byzantine Empire are the two distinct cultures that engaged in the exchange of court rituals and cultural interactions throughout their hostile encounters. Their rivalry was marked by significant military confrontations, including the Sasanian occupation of regions like Armenia, Syria, and as far as Libya by 619. Nonetheless, both empires shared similar court practices and utilized artistic expressions to affirm their state power. This cultural exchange included visiting each other's courts and recognizing their rival state's sovereignty, revealing an intricate relationship that balanced animosity and diplomacy during an era of continual war.","The two cultures that are well-known for exchanging court rituals and engaging in cultural exchanges despite ongoing hostilities are the Chinese and the nomadic steppe peoples, particularly the Xiongnu and later the Mongols. Despite frequent conflicts and warfare, these groups influenced each other through diplomacy, trade, and the adoption of certain customs and rituals, reflecting a complex relationship beyond mere antagonism.

Final answer: The Chinese and the nomadic steppe peoples (such as the Xiongnu and Mongols).",The Chinese and the nomadic steppe peoples (such as the Xiongnu and Mongols).,0.1081081081081081,0.0094487382512912,0.8209633,1
1125,fact,What kingdom came into existence due to conflicts with northern groups such as the Khitan and Xianbei?,"In direct response to the threats posed by northern groups such as the Khitan and Xianbei, the Goguryeo kingdom was established. Throughout its history, particularly from the late fourth century onwards, Goguryeo's militaristic endeavors, spearheaded by King Gwanggaeto, were a defining factor in its expansionist strategies. Beyond mere warfare, Goguryeo engaged in significant diplomatic efforts to create alliances that would help strengthen its position against these northern adversaries. Additionally, the kingdom's cultural advancements, such as adopting written scripts and enhancing its royal funerary practices with murals, underscore the transformation that arose from these northern conflicts, weaving together military action and cultural sophistication into its identity.","- The Kingdom of Goguryeo emerged in part due to conflicts with northern groups such as the Khitan and Xianbei.  
- Goguryeo was one of the Three Kingdoms of Korea, established in the 1st century BCE.  
- Its formation and expansion were influenced by interactions and conflicts with various northern nomadic tribes.","- The Kingdom of Goguryeo emerged in part due to conflicts with northern groups such as the Khitan and Xianbei.   - Goguryeo was one of the Three Kingdoms of Korea, established in the 1st century BCE.   - Its formation and expansion were influenced by interactions and conflicts with various northern nomadic tribes.",0.358974358974359,4.900573532492449,0.887077,0.5
1030,fact,What were the lifestyles of the different populations in the Maghreb at the time of Carthage's founding as described in the text?,"The distinct populations in the Maghreb at the time of Carthage's founding exhibited varied lifestyles based on their geographic settings. The settled farmers on the coastal plains focused on agricultural practices, utilizing the advantages of fertile land to grow crops. Alternatively, the seminomadic pastoralists of the Atlas Mountains adapted their way of life to a more mobile existence, managing livestock and shifting with the seasons. In the Sahara, nomadic tribes thrived in the arid conditions, navigating the desert and engaging in trade. This diversity illustrates the complexities of the Maghreb's early societies; despite being collectively referred to as Berbers, each ethnic group, such as the Musulamii and Gaetuli, developed sophisticated cultures and social systems that defied the simplistic label imposed by outsiders.","- The Maghreb was inhabited by diverse groups including Berber tribes who practiced pastoralism and agriculture.  
- Coastal areas had emerging urban centers engaged in trade and maritime activities.  
- Societies were organized in tribal or clan-based structures with varying degrees of social complexity.",- The Maghreb was inhabited by diverse groups including Berber tribes who practiced pastoralism and agriculture.   - Coastal areas had emerging urban centers engaged in trade and maritime activities.   - Societies were organized in tribal or clan-based structures with varying degrees of social complexity.,0.180722891566265,0.3872421965188019,0.8591917,0.5
1449,fact,"What was the original intention of Imhotep's design for the king's tomb, and what was the final architectural structure he created?","Originally, Imhotep intended to create a stone mastaba for the pharaoh Djoser during the Early Dynastic period, which represented a continuation of the established burial practices of the time. The mastaba, made of mud-brick until then, was crucial for housing the physical body and its Ka, tied to the spiritual beliefs in the afterlife. However, as the project progressed, Imhotep's architectural ingenuity shone through as he added multiple smaller mastabas to create a tiered structure. The resulting step pyramid not only fulfilled the functional requirements of a tomb but also symbolized a significant departure from traditional designs, marking an important evolution in ancient Egyptian architecture and serving as a testament to Imhotep's vision and creativity.","- Imhotep originally intended to build a traditional mastaba tomb for Pharaoh Djoser.  
- He innovated by stacking six mastabas of decreasing size to create the Step Pyramid.  
- The final structure, the Step Pyramid at Saqqara, is considered the earliest large-scale stone construction and the first pyramid in Egypt.","- Imhotep originally intended to build a traditional mastaba tomb for Pharaoh Djoser.   - He innovated by stacking six mastabas of decreasing size to create the Step Pyramid.   - The final structure, the Step Pyramid at Saqqara, is considered the earliest large-scale stone construction and the first pyramid in Egypt.",0.325301204819277,0.8212674988572669,0.8743388,0.5
1493,fact,What are the primary labor activities of rural peoples in Southeast Asia today?,"The primary labor activities of rural peoples in Southeast Asia today are deeply rooted in traditional practices, primarily revolving around farming and fishing. For instance, rice cultivation continues to play a critical role, utilizing skill and cooperation, particularly in terraced rice paddies. This collective effort not only sustains the local economy but also fosters village leadership and unity among families. Elders, who are often key figures in this process, apply their extensive knowledge in selecting rice breeds, managing resources, and facilitating community discussions that emphasize respect for seniority and traditional values.","- Agriculture, including rice cultivation as the dominant activity  
- Fishing and aquaculture in coastal and riverine areas  
- Small-scale animal husbandry and forestry-related work","- Agriculture, including rice cultivation as the dominant activity   - Fishing and aquaculture in coastal and riverine areas   - Small-scale animal husbandry and forestry-related work",0.1391304347826087,0.1332488509309957,0.8337652,0.5
344,fact,How did Venetian merchants influence the Fourth Crusade? What was Pope Innocent III's stance on this influence?,"The influence of Venetian merchants on the Fourth Crusade was significant, as they provided the necessary transportation and supplies to the crusaders. However, this came at a cost, leading to substantial debt. Rather than continuing the campaign against the Muslims in Egypt, the crusaders were coerced into conquering Zadar (modern-day Croatia) to settle their financial obligations. This shift in focus not only deviated from the original goal of reclaiming the Holy Land but also marked a critical distraction of efforts that had been envisioned by Pope Innocent III.   * Key Points:   * The Venetian merchants' insistence on taking Zadar indicates their economic leverage in the situation.   * The diversion from the crusade's intended target highlights the complexity of Venice's role in the Crusades.","- Venetian merchants, led by Doge Enrico Dandolo, played a crucial role by providing the fleet for the Fourth Crusade, but diverted the crusade from its original goal to Constantinople due to financial and political interests.  
- Their influence contributed to the sack of Constantinople in 1204, a major deviation from the intended campaign to the Holy Land.  
- Pope Innocent III initially supported the crusade but condemned the attack on Constantinople, viewing it as a betrayal of the crusade's spiritual purpose.","- Venetian merchants, led by Doge Enrico Dandolo, played a crucial role by providing the fleet for the Fourth Crusade, but diverted the crusade from its original goal to Constantinople due to financial and political interests.   - Their influence contributed to the sack of Constantinople in 1204, a major deviation from the intended campaign to the Holy Land.   - Pope Innocent III initially supported the crusade but condemned the attack on Constantinople, viewing it as a betrayal of the crusade's spiritual purpose.",0.4236453201970443,3.4395210604786626,0.8840834,1
1022,fact,How did the crowd and the emperor influence the outcome of gladiatorial matches?,"The emperor played a pivotal role in determining the fate of gladiators through his signals of approval or disapproval during matches. Specifically, the emperor's gestures—such as a 'thumb up' indicating that a wounded gladiator should be spared or a 'thumb down' suggesting execution—could directly alter the outcome of an encounter. This authoritative influence not only shaped the lives of individual gladiators but also reflected the broader societal and political control the emperor exercised over public spectacles. Such decisions made by the emperor also likely impacted the morale and strategy of the gladiators, knowing that their survival could hinge on fleeting gestures from the highest authority in the arena.","- The crowd's reactions, such as cheering or booing, could influence the editor (the person organizing the games) and sometimes the emperor in deciding a gladiator's fate.  
- The emperor had the ultimate authority to grant mercy or order death, often responding to the crowd's mood but also exercising personal judgment.  
- Thumbs-up or thumbs-down gestures (though their exact historical meaning is debated) symbolized the crowd's or emperor's decision regarding a defeated gladiator's life.","- The crowd's reactions, such as cheering or booing, could influence the editor (the person organizing the games) and sometimes the emperor in deciding a gladiator's fate.   - The emperor had the ultimate authority to grant mercy or order death, often responding to the crowd's mood but also exercising personal judgment.   - Thumbs-up or thumbs-down gestures (though their exact historical meaning is debated) symbolized the crowd's or emperor's decision regarding a defeated gladiator's life.",0.3368421052631579,1.5661343168831905,0.8674213,0.5
1681,fact,How did Aksum's isolation influence its version of Christianity compared to Mediterranean communities?,"The isolation of Aksum from the broader Christian world resulted in significant differences in its religious expression compared to Mediterranean communities. This geographic separation contributed to the evolution of Christianity in Aksum, where local adaptations took precedence over external influences. For instance, the absence of competition with other religious practices, typical in densely populated urban centers in the Mediterranean, allowed Aksum to cultivate a form of Christianity that aligned closely with ascetic traditions. The monasteries in remote areas became centers for spiritual learning and retreat, distinguishing Aksumite Christianity by its emphasis on asceticism and community life. Additionally, while Mediterranean Christians engaged in theological debates—such as those surrounding Nestorian Christianity—Aksum's isolation afforded it an independent path, fostering a version of Christianity that integrated local customs without the immediate pressure of doctrinal disputes prevailing elsewhere.","- Aksum's geographic isolation limited direct contact with Mediterranean Christian centers, leading to the development of unique liturgical practices and the use of Ge'ez as a liturgical language.  
- The Ethiopian Orthodox Church incorporated indigenous beliefs and customs, resulting in distinct theological emphases and religious art.  
- Unlike Mediterranean Christianity, Aksum maintained strong ties with the Coptic Church of Egypt rather than the Roman or Byzantine churches.","- Aksum's geographic isolation limited direct contact with Mediterranean Christian centers, leading to the development of unique liturgical practices and the use of Ge'ez as a liturgical language.   - The Ethiopian Orthodox Church incorporated indigenous beliefs and customs, resulting in distinct theological emphases and religious art.   - Unlike Mediterranean Christianity, Aksum maintained strong ties with the Coptic Church of Egypt rather than the Roman or Byzantine churches.",0.297029702970297,0.7490297265350941,0.8689066,0.5
322,fact,What pilgrimage did Mansa Musa undertake between 1324 and 1325?,"Mansa Musa's pilgrimage from 1324 to 1325 was a significant journey to Mecca and Egypt, marking a pivotal moment in the history of the Mali Empire. This pilgrimage is noted for its grandeur; Mansa Musa traveled with a massive caravan that included sixty thousand soldiers, five hundred captives, and hundred camel-loads of gold. Upon reaching Cairo, he received a royal welcome from the Sultan of Egypt, given their shared faith as Muslims. Mansa Musa famously distributed so much gold during his visit that it caused the value of gold in Cairo to plummet and took twelve years to recover, thereby demonstrating both his immense wealth and the economic impact of his journey.","- Mansa Musa undertook the Hajj, the Islamic pilgrimage to Mecca, between 1324 and 1325.  
- This pilgrimage is widely noted for its display of immense wealth and generosity.  
- It helped establish Mali's reputation across the Mediterranean and Middle Eastern worlds.","- Mansa Musa undertook the Hajj, the Islamic pilgrimage to Mecca, between 1324 and 1325.   - This pilgrimage is widely noted for its display of immense wealth and generosity.   - It helped establish Mali's reputation across the Mediterranean and Middle Eastern worlds.",0.3246753246753246,0.9868837564164384,0.8722533,0.5
1404,fact,What title did Hulagu adopt after Kublai was recognized as the great khan?,"After Kublai was recognized as the great khan, Hulagu adopted the title of il-khan, which translates to *lesser khan*. This title signified his position as a subordinate ruler within the fragmented Mongol Empire that emerged following the death of Mongke and subsequent power struggles among the khans. Hulagu established his domain known as the Il-Khanate, pursuing independent policies while acknowledging Kublai's supremacy. This shift to different khanates marked a significant transformation in the political landscape of the Mongol territories, leading to distinct administrative practices and cultural developments in each region.","- Hulagu did not adopt the title of Great Khan after Kublai was recognized as such.  
- He ruled as the Ilkhan, the founder of the Ilkhanate in Persia.  
- His authority was regional, acknowledging Kublai's supremacy as Great Khan but maintaining autonomous control over his domain.","- Hulagu did not adopt the title of Great Khan after Kublai was recognized as such.   - He ruled as the Ilkhan, the founder of the Ilkhanate in Persia.   - His authority was regional, acknowledging Kublai's supremacy as Great Khan but maintaining autonomous control over his domain.",0.3768115942028985,3.794139976849649,0.881369,0.5
339,fact,How did the Shia view Ali's leadership and its significance for their identity?,"The Shia perspective on Ali's leadership diverges significantly from that of the Sunni majority, who chose Abu Bakr as the first leader post-Muhammad. For the Shia, Ali's leadership is not only significant for its political implications but also for its spiritual dimensions. They regard him as the rightful successor, reflecting a commitment to the Prophet's family that extends beyond mere governance. The Shia's reverence for Ali is intertwined with their devotion to the principles of justice and resistance against tyranny, especially highlighted by the brutal events at Karbala. This struggle shapes their identity, as they see their faith as one in defense of Ali's legacy and the continued relevance of his family's role in Islamic governance.   - Faith and Leadership: Shia Muslims view Ali as a symbol of righteous leadership and morality. - Conflict and Identity: The ongoing commemorative practices related to Ali's descendants serve to reinforce Shia identity, underscoring the group's historical narratives of struggle and sacrifice.","- Shia Muslims view Ali as the rightful successor to Prophet Muhammad, appointed by divine will.  
- Ali's leadership is seen as a model of justice, piety, and spiritual authority.  
- His role is central to Shia identity, emphasizing loyalty to the Prophet's family (Ahl al-Bayt) and the concept of Imamate.","- Shia Muslims view Ali as the rightful successor to Prophet Muhammad, appointed by divine will.   - Ali's leadership is seen as a model of justice, piety, and spiritual authority.   - His role is central to Shia identity, emphasizing loyalty to the Prophet's family (Ahl al-Bayt) and the concept of Imamate.",0.324074074074074,2.9266803405226187,0.88030225,0.5
70,fact,What significant event around forty thousand years ago affected the Neanderthal population in Europe?,"The period around forty thousand years ago marks a crucial moment in the history of the Neanderthals in Europe. At this time, the species Neanderthalensis began to experience unprecedented population loss. This decline coincided with the entry of modern humans into Europe, raising questions about the interactions between the two species. Scholars have been trying to understand the causes behind this near extinction, which could be attributed to various factors such as competition for resources, climatic changes, or disease. The event is significant as it highlights the transitional nature of early human societies and sets the stage for the development of modern humans in a landscape that was once dominated by Neanderthals.","- Around 40,000 years ago, anatomically modern humans (Homo sapiens) began migrating into Europe.  
- This migration coincided with the gradual decline and eventual extinction of Neanderthals.  
- Interactions between Neanderthals and modern humans, including competition and possible interbreeding, are believed to have influenced Neanderthal population changes.","- Around 40,000 years ago, anatomically modern humans (Homo sapiens) began migrating into Europe.   - This migration coincided with the gradual decline and eventual extinction of Neanderthals.   - Interactions between Neanderthals and modern humans, including competition and possible interbreeding, are believed to have influenced Neanderthal population changes.",0.3439490445859872,1.4835141886985963,0.87864685,0.5
237,fact,"According to Zoroastrian teachings, what is the outcome of the struggle between good and evil?","The outcome of the struggle between good and evil, as per Zoroastrian doctrine, is the eventual triumph of good, a doctrine deeply embedded in the socio-political landscape of the Sasanian Empire. The Sasanian kings, tasked with upholding this religious tenet, engaged in significant actions to promote and implement Zoroastrian beliefs, implying that religious fidelity was also a matter of state policy. The context of regional conflicts, particularly with the Byzantines in the sixth and seventh centuries, serves to highlight how this struggle was mirrored in the geopolitical battles of the time. Thus, the teachings not only allude to metaphysical outcomes but also reflect the persistent intertwining of religion and governance where the victory of good translates into political stability and unity against perceived external influences.","- According to Zoroastrian teachings, good (Ahura Mazda) ultimately triumphs over evil (Angra Mainyu).  
- The final outcome is the renovation of the world (Frashokereti), where evil is destroyed and creation is restored to a perfect state.  
- This victory leads to the resurrection of the dead and the final judgment of souls.","- According to Zoroastrian teachings, good (Ahura Mazda) ultimately triumphs over evil (Angra Mainyu).   - The final outcome is the renovation of the world (Frashokereti), where evil is destroyed and creation is restored to a perfect state.   - This victory leads to the resurrection of the dead and the final judgment of souls.",0.2840909090909091,0.9144159856722208,0.83819425,0.5
382,fact,What did the Kushite leadership learn about the utility of iron after facing the Assyrian army?,"The Kushite leadership learned about the strategic importance of iron after their encounter with the well-trained Assyrian army, which wielded iron weapons. This confrontation highlighted the advantage of iron in warfare, motivating Kushite leaders to adopt and advance iron smelting technology in their region. Furthermore, archaeological evidence at Meroe indicated that the site had a history of elite presence dating back to the early ninth century BCE, emphasizing that the Kushites had long been aware of their natural iron ore resources. Consequently, they began to see iron not just as a material for tools, but as a critical element for military resilience and economic prosperity.","- The Kushite leadership recognized the strategic advantage of iron weaponry and tools after encountering the Assyrian army, which was equipped with iron weapons.  
- This encounter highlighted the importance of iron technology for military strength and prompted increased iron production and use in Kush.  
- The experience contributed to the broader adoption of iron metallurgy in the region, enhancing Kushite military and economic capabilities.","- The Kushite leadership recognized the strategic advantage of iron weaponry and tools after encountering the Assyrian army, which was equipped with iron weapons.   - This encounter highlighted the importance of iron technology for military strength and prompted increased iron production and use in Kush.   - The experience contributed to the broader adoption of iron metallurgy in the region, enhancing Kushite military and economic capabilities.",0.4880952380952381,3.702491845083893,0.9060087,0
135,fact,How did the decentralized feudal system of the Zhou lead to the regional lords amassing armies and diminishing the power of the king?,"The Zhou dynasty's decentralized feudal structure initially aimed to maintain control over vast territories by delegating authority to local lords through aristocratic titles and privileges. The king's reliance on these leaders to administer their own domains allowed them to fulfill similar roles as the royal family, including spiritual and administrative tasks. Consequently, this autonomy enabled local lords to gather resources and support from their regions, leading them to build their own military forces and seek technological advancements. Over time, such developments not only undermined the king's power but also fostered a political landscape characterized by competition and fragmentation among the various regional powers.","- The Zhou king granted land to regional lords in exchange for loyalty and military support, creating semi-autonomous fiefdoms.  
- Over time, these lords built their own armies to defend and expand their territories, reducing reliance on the king's central authority.  
- This military and political power shift weakened the king's control, leading to increased regional autonomy and eventual fragmentation.","- The Zhou king granted land to regional lords in exchange for loyalty and military support, creating semi-autonomous fiefdoms.   - Over time, these lords built their own armies to defend and expand their territories, reducing reliance on the king's central authority.   - This military and political power shift weakened the king's control, leading to increased regional autonomy and eventual fragmentation.",0.4457831325301205,2.740480029241787,0.89183104,0.5
964,fact,What were the controversial aspects of Omar Khayyam's poetry during his time?,"Omar Khayyam's poetry stirred controversy primarily due to its themes that challenged religious orthodoxy. Key points of contention include: - Irreligious Accusations: At the Seljuk court, Khayyam was accused of being irreligious, highlighting that his works often diverged from strict Islamic principles.  - Wine Imagery: His frequent references to drinking wine directly conflicted with Islamic doctrine, which forbids alcohol. Such expressions were interpreted both literally and metaphorically, emphasizing life's pleasures, but they raised eyebrows amongst conservative scholars and officials. - Personal Spirituality vs. Religious Conformity: While some contemporaries saw his work as a reflection of Sufi ideals that promote personal spirituality over conformist practices, this perspective further alienated him from those who upheld traditional interpretations of Islam. Thus, Khayyam's poetry invited criticism not only for its content but also for the broader implications about faith and personal experience.","- Omar Khayyam's poetry, especially his quatrains (rubaiyat), often expressed skepticism about religious dogma and questioned orthodox Islamic beliefs.  
- His emphasis on themes like the fleeting nature of life, the pursuit of earthly pleasures, and doubt about the afterlife challenged prevailing religious and moral norms.  
- These views led to controversy and criticism from conservative religious scholars during and after his lifetime.","- Omar Khayyam's poetry, especially his quatrains (rubaiyat), often expressed skepticism about religious dogma and questioned orthodox Islamic beliefs.   - His emphasis on themes like the fleeting nature of life, the pursuit of earthly pleasures, and doubt about the afterlife challenged prevailing religious and moral norms.   - These views led to controversy and criticism from conservative religious scholars during and after his lifetime.",0.2914572864321608,1.0895304013998757,0.87285036,0.5
660,fact,What were the functions of tokens used in the accounting system prior to the development of cuneiform writing?,"Before the establishment of cuneiform writing, tokens played a pivotal role in the accounting practices of ancient Sumerian societies. These clay tokens, dating back thousands of years, were essential for tracking economic activities and managing resources. Schmandt-Besserat proposed that the images on the bullae not only represented the tokens contained within but also documented the type of transactions occurring, making them a crucial step in the evolution towards written communication. This system of tokens allowed for a more organized method of accounting, underpinning the development of complex trade networks in Mesopotamia, ultimately leading to the innovation of writing itself.","- Tokens were used to represent and keep track of quantities of goods, such as livestock, grain, or oil.  
- They served as a physical record for economic transactions and inventory management.  
- Tokens facilitated the early development of record-keeping that eventually led to the invention of cuneiform writing.","- Tokens were used to represent and keep track of quantities of goods, such as livestock, grain, or oil.   - They served as a physical record for economic transactions and inventory management.   - Tokens facilitated the early development of record-keeping that eventually led to the invention of cuneiform writing.",0.2585034013605442,1.8240314563504665,0.8700947,0
429,fact,What did the removal of the Serpent Column to Constantinople symbolize in relation to Constantine's connection to Apollo and his victories?,"The removal of the Serpent Column to Constantinople symbolized a strategic reclamation of cultural and religious pride for Constantine. By relocating this ancient Greek monument dedicated to Apollo—considered the sun god—Constantine signified his alignment with Apollo's attributes, which were closely tied to victorious leadership and divine favor. The column's original installation in Delphi, esteemed as the center of the world, connected Constantinople to this prestigious heritage. Moreover, by reinterpreting the column's original purpose, which celebrated the Greek victory over the Persians, Constantine subtly highlighted his own military successes during the civil wars, thus reinforcing his political legitimacy and authority in his newly established capital.","- The removal of the Serpent Column to Constantinople symbolized the transfer of divine favor and military glory from the old Greek religious context to the new Christian imperial capital.  
- It reinforced Constantine's image as a victorious and divinely sanctioned ruler, linking his reign to the legacy of past Greek triumphs while asserting his authority over the new city.  
- Although Constantine promoted Christianity, the column's association with Apollo and victory highlighted a continuity of imperial power and success rooted in classical traditions.","- The removal of the Serpent Column to Constantinople symbolized the transfer of divine favor and military glory from the old Greek religious context to the new Christian imperial capital.   - It reinforced Constantine's image as a victorious and divinely sanctioned ruler, linking his reign to the legacy of past Greek triumphs while asserting his authority over the new city.   - Although Constantine promoted Christianity, the column's association with Apollo and victory highlighted a continuity of imperial power and success rooted in classical traditions.",0.4791666666666667,10.58734237674956,0.884622,0.5
973,fact,What roles did Raziya in the Delhi Sultanate and Shajar al-Durr among the Mamluks play during political upheaval?,"### Overview of Political Turmoil in the Delhi Sultanate and Mamluk Egypt Both Raziya and Shajar al-Durr assumed crucial roles during intense periods of political upheaval in their respective societies, highlighting the power struggles that marked their reigns. In the Delhi Sultanate, after Iltutmish's death in 1236, Raziya’s potential to lead was evident; she was perceived as the most capable heir amidst a backdrop of ten short-lived sultans whose rule often ended violently. This period of instability caused significant economic disruption and highlighted the limitations of succession protocols at the time.  ### Shajar al-Durr’s Ascendance in Mamluk Egypt On the other hand, Shajar al-Durr emerged during a critical juncture when the Mamluks were seizing power from the Ayyubids. As the widow of al-Salih, her political influence became vital in the transition of power, marking her as a formidable presence in a male-dominated environment. Just as Raziya’s potential as a ruler served as a beacon of hope for stability in the Sultanate, Shajar al-Durr’s rise to prominence also indicated the significant role women could play in shaping the future of their nations amidst political chaos. Each woman, amidst civil wars and succession crises, showcased resilience and capability in leadership during their times.","- Raziya was the first and only female Sultan of Delhi, ruling from 1236 to 1240, who took power during a period of political instability following her father Iltutmish's death.  
- Shajar al-Durr became the Sultan of Egypt briefly in 1250, rising to power after the death of her husband, Sultan As-Salih Ayyub, and played a key role in the transition from the Ayyubid dynasty to the Mamluk Sultanate.","- Raziya was the first and only female Sultan of Delhi, ruling from 1236 to 1240, who took power during a period of political instability following her father Iltutmish's death.   - Shajar al-Durr became the Sultan of Egypt briefly in 1250, rising to power after the death of her husband, Sultan As-Salih Ayyub, and played a key role in the transition from the Ayyubid dynasty to the Mamluk Sultanate.",0.3274021352313167,0.7356209710963136,0.87244385,0.5
1310,fact,What are the two primary umbrella sects within Islam?,"Within Islam, the major sects are referred to as Sunni and Shia. The formation of these sects was significantly influenced by doctrinal differences during the Abbasid rule, when various interpretations of leadership began to take root. The Sunni sect emphasizes the practices and teachings of Muhammad as understood through the sunna, while the Shia sect developed its identity around alternative leadership ideologies. This period of the Abbasids not only facilitated the emergence of these distinct groups but also highlighted the rich intellectual engagement that characterized early Islamic society.","- Sunni Islam  
- Shia Islam",- Sunni Islam   - Shia Islam,0.0652173913043478,1.0175729903507852e-06,0.8222103,0
1138,fact,What were the two cultures that exchanged court rituals and participated in cultural exchanges despite their hostilities?,"The Sasanian Empire and the Byzantine Empire are the two distinct cultures that engaged in the exchange of court rituals and cultural interactions throughout their hostile encounters. Their rivalry was marked by significant military confrontations, including the Sasanian occupation of regions like Armenia, Syria, and as far as Libya by 619. Nonetheless, both empires shared similar court practices and utilized artistic expressions to affirm their state power. This cultural exchange included visiting each other's courts and recognizing their rival state's sovereignty, revealing an intricate relationship that balanced animosity and diplomacy during an era of continual war.","- The Byzantine Empire and the Sassanian Empire  
- They engaged in diplomatic and cultural exchanges, including the adoption of court rituals, despite frequent military conflicts.","- The Byzantine Empire and the Sassanian Empire   - They engaged in diplomatic and cultural exchanges, including the adoption of court rituals, despite frequent military conflicts.",0.2622950819672131,0.5354584875840593,0.883122,0
